{
  "name": "blueimp-bootstrap-image-gallery",
  "version": "3.1.3",
  "title": "Bootstrap Image Gallery",
  "description": "Bootstrap Image Gallery is an extension to blueimp Gallery, a touch-enabled, responsive and customizable image and video gallery. It displays images and videos in the modal dialog of the Bootstrap framework, features swipe, mouse and keyboard navigation, transition effects, fullscreen support and on-demand content loading and can be extended to display additional content types.",
  "keywords": [
    "image",
    "video",
    "gallery",
    "modal",
    "dialog",
    "lightbox",
    "mobile",
    "desktop",
    "touch",
    "responsive",
    "swipe",
    "mouse",
    "keyboard",
    "navigation",
    "transition",
    "effects",
    "slideshow",
    "fullscreen"
  ],
  "homepage": "https://github.com/blueimp/Bootstrap-Image-Gallery",
  "author": {
    "name": "Sebastian Tschan",
    "url": "https://blueimp.net"
  },
  "maintainers": [
    {
      "name": "Sebastian Tschan",
      "url": "https://blueimp.net"
    }
  ],
  "bugs": "https://github.com/blueimp/Bootstrap-Image-Gallery/issues",
  "licenses": [
    {
      "type": "MIT",
      "url": "http://www.opensource.org/licenses/MIT"
    }
  ],
  "dependencies": {
    "jquery": ">=1.9.0",
    "blueimp-gallery": ">=2.12.0"
  },
  "docs": "https://github.com/blueimp/Bootstrap-Image-Gallery/blob/master/README.md",
  "demo": "https://blueimp.github.io/Bootstrap-Image-Gallery/"
}
